{"elements": {
    "Headers":[
    	{"url":"elements/original/header10.html","height":567, "thumbnail":"elements/thumbs/header10.png"},
    	{"url":"elements/original/header5.html","height":694, "thumbnail":"elements/thumbs/header5.png"},
    	{"url":"elements/original/header11.html","height":708, "thumbnail":"elements/thumbs/header11.png"},
    	{"url":"elements/original/header1.html","height":481, "thumbnail":"elements/thumbs/header1.png"},
    	{"url":"elements/original/header6.html","height":491, "thumbnail":"elements/thumbs/header6.png"},
    	{"url":"elements/original/header2.html","height":498, "thumbnail":"elements/thumbs/header2.png"},
    	{"url":"elements/original/header8.html","height":633, "thumbnail":"elements/thumbs/header8.png"},
    	{"url":"elements/original/header9.html","height":633, "thumbnail":"elements/thumbs/header9.png"},
    	{"url":"elements/original/header3.html","height":959, "thumbnail":"elements/thumbs/header3.png"},
    	{"url":"elements/original/header4.html","height":660, "thumbnail":"elements/thumbs/header4.png"},
    	{"url":"elements/original/header7.html","height":715, "thumbnail":"elements/thumbs/header7.png"}
    ],
    "Slideshow Blocks":[
		{"url":"elements/original/slideshow1.html","height":877, "thumbnail":"elements/thumbs/slideshow1.png", "sandbox":true, "loaderFunction":"startSlideshow"}
	],
    "Content Sections":[
    	{"url":"elements/original/content_section1.html","height":481, "thumbnail":"elements/thumbs/content_section1.png"},
    	{"url":"elements/original/content_section2.html","height":520, "thumbnail":"elements/thumbs/content_section2.png"},
    	{"url":"elements/original/content_section3.html","height":774, "thumbnail":"elements/thumbs/content_section3.png"},
    	{"url":"elements/original/content_section4.html","height":331, "thumbnail":"elements/thumbs/content_section4.png"},
    	{"url":"elements/original/content_section5.html","height":846, "thumbnail":"elements/thumbs/content_section5.png"},
    	{"url":"elements/original/content_section6.html","height":344, "thumbnail":"elements/thumbs/content_section6.png"},
    	{"url":"elements/original/content_section7.html","height":344, "thumbnail":"elements/thumbs/content_section7.png"},
    	{"url":"elements/original/content_section8.html","height":725, "thumbnail":"elements/thumbs/content_section8.png"},
    	{"url":"elements/original/content_section9.html","height":567, "thumbnail":"elements/thumbs/content_section9.png"},
    	{"url":"elements/original/content_section10.html","height":376, "thumbnail":"elements/thumbs/content_section10.png"},
    	{"url":"elements/original/content_section11.html","height":376, "thumbnail":"elements/thumbs/content_section11.png"}
    ],
    "Dividers":[
    	{"url":"elements/original/divider1.html","height":163, "thumbnail":"elements/thumbs/divider1.png"},
    	{"url":"elements/original/divider2.html","height":163, "thumbnail":"elements/thumbs/divider2.png"},
    	{"url":"elements/original/divider3.html","height":163, "thumbnail":"elements/thumbs/divider3.png"},
    	{"url":"elements/original/divider4.html","height":183, "thumbnail":"elements/thumbs/divider4.png"},
    	{"url":"elements/original/divider5.html","height":123, "thumbnail":"elements/thumbs/divider5.png"},
    	{"url":"elements/original/divider6.html","height":60, "thumbnail":"elements/thumbs/divider6.png"},
    	{"url":"elements/original/divider7.html","height":120, "thumbnail":"elements/thumbs/divider7.png"}
    ],
    "Portfolios":[
    	{"url":"elements/original/portfolio1.html","height":701, "thumbnail":"elements/thumbs/portfolio1.png"},
    	{"url":"elements/original/portfolio2.html","height":799, "thumbnail":"elements/thumbs/portfolio2.png"},
    	{"url":"elements/original/portfolio3.html","height":516, "thumbnail":"elements/thumbs/portfolio3.png"}
    ],
    "Team":[
    	{"url":"elements/original/team1.html","height":644, "thumbnail":"elements/thumbs/team1.png"},
    	{"url":"elements/original/team2.html","height":810, "thumbnail":"elements/thumbs/team2.png"},
    	{"url":"elements/original/team3.html","height":752, "thumbnail":"elements/thumbs/team3.png"}
    ],
    "Pricing Tables":[
    	{"url":"elements/original/pricing_table1.html","height":628, "thumbnail":"elements/thumbs/pricing_table1.png"},
    	{"url":"elements/original/pricing_table2.html","height":750, "thumbnail":"elements/thumbs/pricing_table2.png"},
    	{"url":"elements/original/pricing_table3.html","height":721, "thumbnail":"elements/thumbs/pricing_table3.png"}
    ],
    "Contact":[
    	{"url":"elements/original/contact1.html","height":691, "thumbnail":"elements/thumbs/contact1.png"},
    	{"url":"elements/original/contact2.html","height":477, "thumbnail":"elements/thumbs/contact2.png"}
    ],
    "Footers":[
    	{"url":"elements/original/footer1.html","height":294, "thumbnail":"elements/thumbs/footer1.png"},
    	{"url":"elements/original/footer2.html","height":107, "thumbnail":"elements/thumbs/footer2.png"},
    	{"url":"elements/original/footer3.html","height":260, "thumbnail":"elements/thumbs/footer3.png"}
    ]
    }
}