{"pages":{"index":{"blocks":[{"frames_content":"<div id=\"page\" class=\"page\">\n    \n    \t<header class=\"item header margin-top-0 padding-bottom-0\" id=\"header5\">\n    \n    \t\t<div class=\"wrapper\">\n    \t\n    \t\t\t<div class=\"container\">\n    \t\t\n    \t\t\t\t<nav role=\"navigation\" class=\"navbar navbar-inverse navbar-embossed navbar-lg navbar-fixed-top\">\n    \t\t\t\t\t\n    \t\t\t\t\t<div class=\"container\">\n    \t\t\t\t\n    \t\t\t\t\t\t<div class=\"navbar-header\">\n    \t\t\t\t\t\t\t<button data-target=\"#navbar-collapse-02\" data-toggle=\"collapse\" class=\"navbar-toggle\" type=\"button\">\n    \t\t\t\t\t\t\t\t<span class=\"sr-only\">Toggle navigation<\/span>\n    \t\t\t\t\t\t\t<\/button>\n    \t\t\t\t\t\t\t<a href=\"#\" class=\"navbar-brand brand\" data-selector=\"nav a\"> HTML Builder<\/a>\n   \t\t\t\t\t\t\t<\/div>\n    \t\t\t\t\t\t\t\t\n    \t\t\t\t\t\t<div id=\"navbar-collapse-02\" class=\"collapse navbar-collapse\">\n    \t\t\t\t\t\t\t<ul class=\"nav navbar-nav\">\t\t\t      \n    \t\t\t\t\t\t\t\t<li class=\"active propClone\"><a href=\"#\" data-selector=\"nav a\" style=\"outline: none; cursor: inherit;\">Home<\/a><\/li>\n    \t\t\t\t\t\t\t\t<li class=\"propClone\"><a href=\"#\" data-selector=\"nav a\" style=\"outline: none; cursor: inherit;\">Work<\/a><\/li>\n    \t\t\t\t\t\t\t\t<li class=\"propClone\"><a href=\"#\" data-selector=\"nav a\" style=\"outline: none; cursor: inherit;\">Blog<\/a><\/li>\n    \t\t\t\t\t\t\t\t<li class=\"propClone\"><a href=\"#\" data-selector=\"nav a\" style=\"outline: none; cursor: inherit;\">Contact<\/a><\/li>\n    \t\t\t\t\t\t\t<\/ul> \t\t      \n    \t\t\t\t\t\t\t<ul class=\"nav navbar-nav navbar-right\">\n    \t\t\t\t\t\t\t\t<li class=\"propClone\">\n    \t\t\t\t\t\t\t\t\t<a href=\"#\" data-selector=\"nav a\" style=\"color: rgb(255, 255, 255); font-weight: 700; outline: none; cursor: inherit;\">Login <span class=\"fa fa-lock\" data-selector=\"span.fa\"><\/span><\/a>\n    \t\t\t\t\t\t\t\t<\/li>\n    \t\t\t\t\t\t\t<\/ul>\n    \t\t\t\t\t\t<\/div><!-- \/.navbar-collapse -->\n    \t\t\t\t\t\n    \t\t\t\t\t<\/div><!-- \/.container -->\n    \t\t\t\t\t\n    \t\t\t\t<\/nav>\n    \t\t\t\n    \t\t\t\t<div class=\"row banner\">\n    \t\t\t\t\n    \t\t\t\t\t<div class=\"col-md-12\">\n    \t\t\t\t\t\t\n    \t\t\t\t\t\t<h1 class=\"text-center margin-top-100 editContent\" data-selector=\".editContent\" style=\"outline: rgba(233, 94, 94, 0.5) solid 2px; outline-offset: -2px; cursor: pointer;\">]Dindiawd<\/h1>\n    \t\t\t\t\t\t\n    \t\t\t\t\t\t<div class=\"text-center\">\n    \t\t\t\t\t\t\t<img src=\"..\/bundles\/bg1.jpg\" alt=\"Image 1\" data-selector=\"img\" style=\"border-radius: 0px; border-color: rgb(52, 73, 94); border-style: none; border-width: 1px;\">\n    \t\t\t\t\t\t<\/div>\n    \t\t\t\t\n    \t\t\t\t\t<\/div>\n    \t\t\t\n    \t\t\t\t<\/div><!-- \/.row -->\n    \t\t\n    \t\t\t<\/div><!-- \/.container -->\n    \t\n    \t\t<\/div><!-- \/.wrapper -->\n    \t\n    \t<\/header><!-- \/.item -->\n    \n    <\/div>","frames_sandbox":"false","frames_loaderFunction":"","frames_height":"1128","frames_original_url":"elements\/original\/header5.html"}]}},"responsiveMode":"desktop"}